{
"frames": {
	"board.png": {
		"frame": {"x":0, "y":26, "w":16, "h":8},
		"spriteSourceSize": {"x":0,"y":0,"w":16,"h":8},
		"sourceSize": {"w":16,"h":8}
	},
	"helicopter-1.png": {
		"frame": {"x":0, "y":13, "w":19, "h":11},
		"spriteSourceSize": {"x":0,"y":0,"w":19,"h":11},
		"sourceSize": {"w":19,"h":11}
	},
	"helicopter-2.png": {
		"frame": {"x":0, "y":0, "w":19, "h":11},
		"spriteSourceSize": {"x":0,"y":0,"w":19,"h":11},
		"sourceSize": {"w":19,"h":11}
	},
	"town-bg.png": {
		"frame": {"x":21, "y":0, "w":3, "h":564},
		"spriteSourceSize": {"x":0,"y":0,"w":3,"h":564},
		"sourceSize": {"w":3,"h":564}
	}

},
"meta": {
	"image": "mix.png",
	"size": {"w": 26, "h": 566},
	"scale": "1"
}
}