{"frames": {

"heart.png":
{
	"frame": {"x":2,"y":2,"w":180,"h":180},
	"rotated": false,
	"trimmed": false,
	"spriteSourceSize": {"x":0,"y":0,"w":180,"h":180},
	"sourceSize": {"w":180,"h":180}
},
"hug-0.png":
{
	"frame": {"x":184,"y":2,"w":180,"h":180},
	"rotated": false,
	"trimmed": false,
	"spriteSourceSize": {"x":0,"y":0,"w":180,"h":180},
	"sourceSize": {"w":180,"h":180}
},
"hug-1.png":
{
	"frame": {"x":366,"y":2,"w":180,"h":180},
	"rotated": false,
	"trimmed": false,
	"spriteSourceSize": {"x":0,"y":0,"w":180,"h":180},
	"sourceSize": {"w":180,"h":180}
},
"hug-2.png":
{
	"frame": {"x":548,"y":2,"w":180,"h":180},
	"rotated": false,
	"trimmed": false,
	"spriteSourceSize": {"x":0,"y":0,"w":180,"h":180},
	"sourceSize": {"w":180,"h":180}
},
"hug-3.png":
{
	"frame": {"x":730,"y":2,"w":180,"h":180},
	"rotated": false,
	"trimmed": false,
	"spriteSourceSize": {"x":0,"y":0,"w":180,"h":180},
	"sourceSize": {"w":180,"h":180}
},
"hug-4.png":
{
	"frame": {"x":912,"y":2,"w":180,"h":180},
	"rotated": false,
	"trimmed": false,
	"spriteSourceSize": {"x":0,"y":0,"w":180,"h":180},
	"sourceSize": {"w":180,"h":180}
},
"hug-5.png":
{
	"frame": {"x":1094,"y":2,"w":180,"h":180},
	"rotated": false,
	"trimmed": false,
	"spriteSourceSize": {"x":0,"y":0,"w":180,"h":180},
	"sourceSize": {"w":180,"h":180}
},
"hug-6.png":
{
	"frame": {"x":1276,"y":2,"w":180,"h":180},
	"rotated": false,
	"trimmed": false,
	"spriteSourceSize": {"x":0,"y":0,"w":180,"h":180},
	"sourceSize": {"w":180,"h":180}
},
"hug-7.png":
{
	"frame": {"x":1458,"y":2,"w":180,"h":180},
	"rotated": false,
	"trimmed": false,
	"spriteSourceSize": {"x":0,"y":0,"w":180,"h":180},
	"sourceSize": {"w":180,"h":180}
},
"hug-8.png":
{
	"frame": {"x":1640,"y":2,"w":180,"h":180},
	"rotated": false,
	"trimmed": false,
	"spriteSourceSize": {"x":0,"y":0,"w":180,"h":180},
	"sourceSize": {"w":180,"h":180}
},
"hug-9.png":
{
	"frame": {"x":1822,"y":2,"w":180,"h":180},
	"rotated": false,
	"trimmed": false,
	"spriteSourceSize": {"x":0,"y":0,"w":180,"h":180},
	"sourceSize": {"w":180,"h":180}
},
"hug-10.png":
{
	"frame": {"x":2,"y":184,"w":180,"h":180},
	"rotated": false,
	"trimmed": false,
	"spriteSourceSize": {"x":0,"y":0,"w":180,"h":180},
	"sourceSize": {"w":180,"h":180}
},
"hug-11.png":
{
	"frame": {"x":184,"y":184,"w":180,"h":180},
	"rotated": false,
	"trimmed": false,
	"spriteSourceSize": {"x":0,"y":0,"w":180,"h":180},
	"sourceSize": {"w":180,"h":180}
},
"hug-12.png":
{
	"frame": {"x":366,"y":184,"w":180,"h":180},
	"rotated": false,
	"trimmed": false,
	"spriteSourceSize": {"x":0,"y":0,"w":180,"h":180},
	"sourceSize": {"w":180,"h":180}
},
"hug-13.png":
{
	"frame": {"x":548,"y":184,"w":180,"h":180},
	"rotated": false,
	"trimmed": false,
	"spriteSourceSize": {"x":0,"y":0,"w":180,"h":180},
	"sourceSize": {"w":180,"h":180}
},
"hug-14.png":
{
	"frame": {"x":730,"y":184,"w":180,"h":180},
	"rotated": false,
	"trimmed": false,
	"spriteSourceSize": {"x":0,"y":0,"w":180,"h":180},
	"sourceSize": {"w":180,"h":180}
},
"hug-15.png":
{
	"frame": {"x":912,"y":184,"w":180,"h":180},
	"rotated": false,
	"trimmed": false,
	"spriteSourceSize": {"x":0,"y":0,"w":180,"h":180},
	"sourceSize": {"w":180,"h":180}
},
"hug-16.png":
{
	"frame": {"x":1094,"y":184,"w":180,"h":180},
	"rotated": false,
	"trimmed": false,
	"spriteSourceSize": {"x":0,"y":0,"w":180,"h":180},
	"sourceSize": {"w":180,"h":180}
},
"hug-17.png":
{
	"frame": {"x":1276,"y":184,"w":180,"h":180},
	"rotated": false,
	"trimmed": false,
	"spriteSourceSize": {"x":0,"y":0,"w":180,"h":180},
	"sourceSize": {"w":180,"h":180}
},
"hug-18.png":
{
	"frame": {"x":1458,"y":184,"w":180,"h":180},
	"rotated": false,
	"trimmed": false,
	"spriteSourceSize": {"x":0,"y":0,"w":180,"h":180},
	"sourceSize": {"w":180,"h":180}
},
"hug-19.png":
{
	"frame": {"x":1640,"y":184,"w":180,"h":180},
	"rotated": false,
	"trimmed": false,
	"spriteSourceSize": {"x":0,"y":0,"w":180,"h":180},
	"sourceSize": {"w":180,"h":180}
},
"hug-20.png":
{
	"frame": {"x":1822,"y":184,"w":180,"h":180},
	"rotated": false,
	"trimmed": false,
	"spriteSourceSize": {"x":0,"y":0,"w":180,"h":180},
	"sourceSize": {"w":180,"h":180}
},
"hug-21.png":
{
	"frame": {"x":2,"y":366,"w":180,"h":180},
	"rotated": false,
	"trimmed": false,
	"spriteSourceSize": {"x":0,"y":0,"w":180,"h":180},
	"sourceSize": {"w":180,"h":180}
},
"hug-22.png":
{
	"frame": {"x":184,"y":366,"w":180,"h":180},
	"rotated": false,
	"trimmed": false,
	"spriteSourceSize": {"x":0,"y":0,"w":180,"h":180},
	"sourceSize": {"w":180,"h":180}
},
"hug-23.png":
{
	"frame": {"x":366,"y":366,"w":180,"h":180},
	"rotated": false,
	"trimmed": false,
	"spriteSourceSize": {"x":0,"y":0,"w":180,"h":180},
	"sourceSize": {"w":180,"h":180}
},
"hug-24.png":
{
	"frame": {"x":548,"y":366,"w":180,"h":180},
	"rotated": false,
	"trimmed": false,
	"spriteSourceSize": {"x":0,"y":0,"w":180,"h":180},
	"sourceSize": {"w":180,"h":180}
},
"hug-25.png":
{
	"frame": {"x":730,"y":366,"w":180,"h":180},
	"rotated": false,
	"trimmed": false,
	"spriteSourceSize": {"x":0,"y":0,"w":180,"h":180},
	"sourceSize": {"w":180,"h":180}
},
"hug-26.png":
{
	"frame": {"x":912,"y":366,"w":180,"h":180},
	"rotated": false,
	"trimmed": false,
	"spriteSourceSize": {"x":0,"y":0,"w":180,"h":180},
	"sourceSize": {"w":180,"h":180}
},
"hug-27.png":
{
	"frame": {"x":1094,"y":366,"w":180,"h":180},
	"rotated": false,
	"trimmed": false,
	"spriteSourceSize": {"x":0,"y":0,"w":180,"h":180},
	"sourceSize": {"w":180,"h":180}
},
"hug-28.png":
{
	"frame": {"x":1276,"y":366,"w":180,"h":180},
	"rotated": false,
	"trimmed": false,
	"spriteSourceSize": {"x":0,"y":0,"w":180,"h":180},
	"sourceSize": {"w":180,"h":180}
},
"hug-29.png":
{
	"frame": {"x":1458,"y":366,"w":180,"h":180},
	"rotated": false,
	"trimmed": false,
	"spriteSourceSize": {"x":0,"y":0,"w":180,"h":180},
	"sourceSize": {"w":180,"h":180}
},
"hug-30.png":
{
	"frame": {"x":1640,"y":366,"w":180,"h":180},
	"rotated": false,
	"trimmed": false,
	"spriteSourceSize": {"x":0,"y":0,"w":180,"h":180},
	"sourceSize": {"w":180,"h":180}
},
"hug-31.png":
{
	"frame": {"x":1822,"y":366,"w":180,"h":180},
	"rotated": false,
	"trimmed": false,
	"spriteSourceSize": {"x":0,"y":0,"w":180,"h":180},
	"sourceSize": {"w":180,"h":180}
},
"hug-32.png":
{
	"frame": {"x":2,"y":548,"w":180,"h":180},
	"rotated": false,
	"trimmed": false,
	"spriteSourceSize": {"x":0,"y":0,"w":180,"h":180},
	"sourceSize": {"w":180,"h":180}
},
"hug-33.png":
{
	"frame": {"x":184,"y":548,"w":180,"h":180},
	"rotated": false,
	"trimmed": false,
	"spriteSourceSize": {"x":0,"y":0,"w":180,"h":180},
	"sourceSize": {"w":180,"h":180}
},
"hug-34.png":
{
	"frame": {"x":366,"y":548,"w":180,"h":180},
	"rotated": false,
	"trimmed": false,
	"spriteSourceSize": {"x":0,"y":0,"w":180,"h":180},
	"sourceSize": {"w":180,"h":180}
},
"hug-35.png":
{
	"frame": {"x":548,"y":548,"w":180,"h":180},
	"rotated": false,
	"trimmed": false,
	"spriteSourceSize": {"x":0,"y":0,"w":180,"h":180},
	"sourceSize": {"w":180,"h":180}
},
"hug-36.png":
{
	"frame": {"x":730,"y":548,"w":180,"h":180},
	"rotated": false,
	"trimmed": false,
	"spriteSourceSize": {"x":0,"y":0,"w":180,"h":180},
	"sourceSize": {"w":180,"h":180}
},
"hug-37.png":
{
	"frame": {"x":912,"y":548,"w":180,"h":180},
	"rotated": false,
	"trimmed": false,
	"spriteSourceSize": {"x":0,"y":0,"w":180,"h":180},
	"sourceSize": {"w":180,"h":180}
},
"hug-38.png":
{
	"frame": {"x":1094,"y":548,"w":180,"h":180},
	"rotated": false,
	"trimmed": false,
	"spriteSourceSize": {"x":0,"y":0,"w":180,"h":180},
	"sourceSize": {"w":180,"h":180}
},
"hug-39.png":
{
	"frame": {"x":1276,"y":548,"w":180,"h":180},
	"rotated": false,
	"trimmed": false,
	"spriteSourceSize": {"x":0,"y":0,"w":180,"h":180},
	"sourceSize": {"w":180,"h":180}
},
"hug-40.png":
{
	"frame": {"x":1458,"y":548,"w":180,"h":180},
	"rotated": false,
	"trimmed": false,
	"spriteSourceSize": {"x":0,"y":0,"w":180,"h":180},
	"sourceSize": {"w":180,"h":180}
},
"hug-41.png":
{
	"frame": {"x":1640,"y":548,"w":180,"h":180},
	"rotated": false,
	"trimmed": false,
	"spriteSourceSize": {"x":0,"y":0,"w":180,"h":180},
	"sourceSize": {"w":180,"h":180}
},
"hug-42.png":
{
	"frame": {"x":1822,"y":548,"w":180,"h":180},
	"rotated": false,
	"trimmed": false,
	"spriteSourceSize": {"x":0,"y":0,"w":180,"h":180},
	"sourceSize": {"w":180,"h":180}
},
"hug-43.png":
{
	"frame": {"x":2,"y":730,"w":180,"h":180},
	"rotated": false,
	"trimmed": false,
	"spriteSourceSize": {"x":0,"y":0,"w":180,"h":180},
	"sourceSize": {"w":180,"h":180}
},
"hug-44.png":
{
	"frame": {"x":184,"y":730,"w":180,"h":180},
	"rotated": false,
	"trimmed": false,
	"spriteSourceSize": {"x":0,"y":0,"w":180,"h":180},
	"sourceSize": {"w":180,"h":180}
},
"hug-45.png":
{
	"frame": {"x":366,"y":730,"w":180,"h":180},
	"rotated": false,
	"trimmed": false,
	"spriteSourceSize": {"x":0,"y":0,"w":180,"h":180},
	"sourceSize": {"w":180,"h":180}
},
"hug-46.png":
{
	"frame": {"x":548,"y":730,"w":180,"h":180},
	"rotated": false,
	"trimmed": false,
	"spriteSourceSize": {"x":0,"y":0,"w":180,"h":180},
	"sourceSize": {"w":180,"h":180}
},
"hug-47.png":
{
	"frame": {"x":730,"y":730,"w":180,"h":180},
	"rotated": false,
	"trimmed": false,
	"spriteSourceSize": {"x":0,"y":0,"w":180,"h":180},
	"sourceSize": {"w":180,"h":180}
},
"hug-48.png":
{
	"frame": {"x":912,"y":730,"w":180,"h":180},
	"rotated": false,
	"trimmed": false,
	"spriteSourceSize": {"x":0,"y":0,"w":180,"h":180},
	"sourceSize": {"w":180,"h":180}
},
"hug-49.png":
{
	"frame": {"x":1094,"y":730,"w":180,"h":180},
	"rotated": false,
	"trimmed": false,
	"spriteSourceSize": {"x":0,"y":0,"w":180,"h":180},
	"sourceSize": {"w":180,"h":180}
},
"hug-50.png":
{
	"frame": {"x":1276,"y":730,"w":180,"h":180},
	"rotated": false,
	"trimmed": false,
	"spriteSourceSize": {"x":0,"y":0,"w":180,"h":180},
	"sourceSize": {"w":180,"h":180}
},
"hug-51.png":
{
	"frame": {"x":1458,"y":730,"w":180,"h":180},
	"rotated": false,
	"trimmed": false,
	"spriteSourceSize": {"x":0,"y":0,"w":180,"h":180},
	"sourceSize": {"w":180,"h":180}
},
"hug-52.png":
{
	"frame": {"x":1640,"y":730,"w":180,"h":180},
	"rotated": false,
	"trimmed": false,
	"spriteSourceSize": {"x":0,"y":0,"w":180,"h":180},
	"sourceSize": {"w":180,"h":180}
},
"hug-53.png":
{
	"frame": {"x":1822,"y":730,"w":180,"h":180},
	"rotated": false,
	"trimmed": false,
	"spriteSourceSize": {"x":0,"y":0,"w":180,"h":180},
	"sourceSize": {"w":180,"h":180}
},
"hug-54.png":
{
	"frame": {"x":2,"y":912,"w":180,"h":180},
	"rotated": false,
	"trimmed": false,
	"spriteSourceSize": {"x":0,"y":0,"w":180,"h":180},
	"sourceSize": {"w":180,"h":180}
},
"hug-55.png":
{
	"frame": {"x":184,"y":912,"w":180,"h":180},
	"rotated": false,
	"trimmed": false,
	"spriteSourceSize": {"x":0,"y":0,"w":180,"h":180},
	"sourceSize": {"w":180,"h":180}
},
"hug-56.png":
{
	"frame": {"x":366,"y":912,"w":180,"h":180},
	"rotated": false,
	"trimmed": false,
	"spriteSourceSize": {"x":0,"y":0,"w":180,"h":180},
	"sourceSize": {"w":180,"h":180}
},
"hug-57.png":
{
	"frame": {"x":548,"y":912,"w":180,"h":180},
	"rotated": false,
	"trimmed": false,
	"spriteSourceSize": {"x":0,"y":0,"w":180,"h":180},
	"sourceSize": {"w":180,"h":180}
},
"hug-58.png":
{
	"frame": {"x":730,"y":912,"w":180,"h":180},
	"rotated": false,
	"trimmed": false,
	"spriteSourceSize": {"x":0,"y":0,"w":180,"h":180},
	"sourceSize": {"w":180,"h":180}
},
"hug-59.png":
{
	"frame": {"x":912,"y":912,"w":180,"h":180},
	"rotated": false,
	"trimmed": false,
	"spriteSourceSize": {"x":0,"y":0,"w":180,"h":180},
	"sourceSize": {"w":180,"h":180}
},
"hug-60.png":
{
	"frame": {"x":1094,"y":912,"w":180,"h":180},
	"rotated": false,
	"trimmed": false,
	"spriteSourceSize": {"x":0,"y":0,"w":180,"h":180},
	"sourceSize": {"w":180,"h":180}
},
"hug-61.png":
{
	"frame": {"x":1276,"y":912,"w":180,"h":180},
	"rotated": false,
	"trimmed": false,
	"spriteSourceSize": {"x":0,"y":0,"w":180,"h":180},
	"sourceSize": {"w":180,"h":180}
},
"hug-62.png":
{
	"frame": {"x":1458,"y":912,"w":180,"h":180},
	"rotated": false,
	"trimmed": false,
	"spriteSourceSize": {"x":0,"y":0,"w":180,"h":180},
	"sourceSize": {"w":180,"h":180}
},
"hug-63.png":
{
	"frame": {"x":1640,"y":912,"w":180,"h":180},
	"rotated": false,
	"trimmed": false,
	"spriteSourceSize": {"x":0,"y":0,"w":180,"h":180},
	"sourceSize": {"w":180,"h":180}
},
"hug-64.png":
{
	"frame": {"x":1822,"y":912,"w":180,"h":180},
	"rotated": false,
	"trimmed": false,
	"spriteSourceSize": {"x":0,"y":0,"w":180,"h":180},
	"sourceSize": {"w":180,"h":180}
},
"hug-65.png":
{
	"frame": {"x":2,"y":1094,"w":180,"h":180},
	"rotated": false,
	"trimmed": false,
	"spriteSourceSize": {"x":0,"y":0,"w":180,"h":180},
	"sourceSize": {"w":180,"h":180}
},
"hug-66.png":
{
	"frame": {"x":184,"y":1094,"w":180,"h":180},
	"rotated": false,
	"trimmed": false,
	"spriteSourceSize": {"x":0,"y":0,"w":180,"h":180},
	"sourceSize": {"w":180,"h":180}
},
"hug-67.png":
{
	"frame": {"x":366,"y":1094,"w":180,"h":180},
	"rotated": false,
	"trimmed": false,
	"spriteSourceSize": {"x":0,"y":0,"w":180,"h":180},
	"sourceSize": {"w":180,"h":180}
},
"hug-68.png":
{
	"frame": {"x":548,"y":1094,"w":180,"h":180},
	"rotated": false,
	"trimmed": false,
	"spriteSourceSize": {"x":0,"y":0,"w":180,"h":180},
	"sourceSize": {"w":180,"h":180}
},
"hug-69.png":
{
	"frame": {"x":730,"y":1094,"w":180,"h":180},
	"rotated": false,
	"trimmed": false,
	"spriteSourceSize": {"x":0,"y":0,"w":180,"h":180},
	"sourceSize": {"w":180,"h":180}
},
"hug-70.png":
{
	"frame": {"x":912,"y":1094,"w":180,"h":180},
	"rotated": false,
	"trimmed": false,
	"spriteSourceSize": {"x":0,"y":0,"w":180,"h":180},
	"sourceSize": {"w":180,"h":180}
},
"hug-71.png":
{
	"frame": {"x":1094,"y":1094,"w":180,"h":180},
	"rotated": false,
	"trimmed": false,
	"spriteSourceSize": {"x":0,"y":0,"w":180,"h":180},
	"sourceSize": {"w":180,"h":180}
},
"hug-72.png":
{
	"frame": {"x":1276,"y":1094,"w":180,"h":180},
	"rotated": false,
	"trimmed": false,
	"spriteSourceSize": {"x":0,"y":0,"w":180,"h":180},
	"sourceSize": {"w":180,"h":180}
},
"hug-73.png":
{
	"frame": {"x":1458,"y":1094,"w":180,"h":180},
	"rotated": false,
	"trimmed": false,
	"spriteSourceSize": {"x":0,"y":0,"w":180,"h":180},
	"sourceSize": {"w":180,"h":180}
},
"hug-74.png":
{
	"frame": {"x":1640,"y":1094,"w":180,"h":180},
	"rotated": false,
	"trimmed": false,
	"spriteSourceSize": {"x":0,"y":0,"w":180,"h":180},
	"sourceSize": {"w":180,"h":180}
},
"hug-75.png":
{
	"frame": {"x":1822,"y":1094,"w":180,"h":180},
	"rotated": false,
	"trimmed": false,
	"spriteSourceSize": {"x":0,"y":0,"w":180,"h":180},
	"sourceSize": {"w":180,"h":180}
}},
"meta": {
	"app": "http://www.codeandweb.com/texturepacker",
	"version": "1.0",
	"image": "hug.png",
	"format": "RGBA8888",
	"size": {"w":2004,"h":1276},
	"scale": "1",
	"smartupdate": "$TexturePacker:SmartUpdate:ed4a76a40b745bde379f59cde3329293:71e6ae5b25cc25857c5e9331907f942f:bab07571695b8c106cdd8449c82d6643$"
}
}
